traffic,weather,vehicle,area,distance_category,total_orders,avg_delivery_time,median_delivery_time,slow_delivery_rate,avg_distance_km
High,Cloudy,Motorcycle,Metropolitan,Medium,182,136.57,140.0,21.98,6.13
High,Cloudy,Motorcycle,Metropolitan,Short,146,136.66,140.0,17.81,2.33
High,Cloudy,Motorcycle,Metropolitan,Very Long,3,128.33,130.0,0.0,5883.92
High,Cloudy,Motorcycle,Other,Medium,4,148.75,152.5,25.0,6.08
High,Cloudy,Motorcycle,Other,Short,3,170.0,165.0,66.67,3.06
High,Cloudy,Motorcycle,Urban,Medium,33,131.15,130.0,15.15,6.13
High,Cloudy,Motorcycle,Urban,Short,33,135.09,140.0,9.09,2.37
High,Cloudy,Scooter,Metropolitan,Medium,110,139.34,142.5,27.27,6.13
High,Cloudy,Scooter,Metropolitan,Short,94,141.62,150.0,35.11,2.36
High,Cloudy,Scooter,Other,Medium,3,145.0,145.0,33.33,6.2
High,Cloudy,Scooter,Urban,Medium,24,141.0,140.0,29.17,6.13
High,Cloudy,Scooter,Urban,Short,22,142.5,140.0,27.27,2.16
High,Cloudy,Van,Metropolitan,Medium,25,147.0,150.0,28.0,6.16
High,Cloudy,Van,Metropolitan,Short,24,147.12,147.5,29.17,1.98
High,Cloudy,Van,Other,Medium,1,180.0,180.0,100.0,6.12
High,Cloudy,Van,Other,Short,1,120.0,120.0,0.0,1.5
High,Cloudy,Van,Urban,Medium,2,150.0,150.0,0.0,6.08
High,Cloudy,Van,Urban,Short,7,141.43,135.0,28.57,2.42
High,Fog,Motorcycle,Metropolitan,Medium,202,136.56,140.0,21.78,6.13
High,Fog,Motorcycle,Metropolitan,Short,156,132.38,135.0,19.87,2.42
High,Fog,Motorcycle,Metropolitan,Very Long,3,140.0,135.0,0.0,4596.62
High,Fog,Motorcycle,Other,Medium,6,106.17,115.0,0.0,6.11
High,Fog,Motorcycle,Other,Short,5,146.0,150.0,0.0,2.78
High,Fog,Motorcycle,Urban,Medium,36,110.25,130.0,2.78,6.13
High,Fog,Motorcycle,Urban,Short,38,128.21,127.5,13.16,2.3
High,Fog,Motorcycle,Urban,Very Long,2,160.0,160.0,0.0,4272.4
High,Fog,Scooter,Metropolitan,Medium,109,141.69,140.0,33.03,6.12
High,Fog,Scooter,Metropolitan,Short,94,139.06,142.5,29.79,2.49
High,Fog,Scooter,Other,Medium,2,127.5,127.5,0.0,6.22
High,Fog,Scooter,Other,Short,1,170.0,170.0,100.0,1.51
High,Fog,Scooter,Urban,Medium,21,134.33,130.0,23.81,6.14
High,Fog,Scooter,Urban,Short,17,131.18,130.0,11.76,2.25
High,Fog,Van,Metropolitan,Medium,26,140.92,140.0,30.77,6.15
High,Fog,Van,Metropolitan,Short,34,135.12,145.0,23.53,2.3
High,Fog,Van,Urban,Medium,2,140.0,140.0,50.0,6.13
High,Fog,Van,Urban,Short,3,143.33,145.0,0.0,2.02
High,Sandstorms,Motorcycle,Metropolitan,Medium,161,148.3,155.0,42.86,6.13
High,Sandstorms,Motorcycle,Metropolitan,Short,131,145.79,150.0,36.64,2.21
High,Sandstorms,Motorcycle,Metropolitan,Very Long,1,90.0,90.0,0.0,4422.66
High,Sandstorms,Motorcycle,Other,Medium,9,128.67,165.0,55.56,6.1
High,Sandstorms,Motorcycle,Other,Short,3,100.0,100.0,0.0,2.02
High,Sandstorms,Motorcycle,Semi-Urban,Medium,1,240.0,240.0,100.0,6.04
High,Sandstorms,Motorcycle,Semi-Urban,Short,3,240.0,245.0,100.0,2.05
High,Sandstorms,Motorcycle,Urban,Medium,49,133.78,130.0,22.45,6.1
High,Sandstorms,Motorcycle,Urban,Short,43,113.93,110.0,18.6,2.46
High,Sandstorms,Motorcycle,Urban,Very Long,3,141.67,170.0,66.67,5376.26
High,Sandstorms,Scooter,Metropolitan,Medium,93,124.09,135.0,13.98,6.13
High,Sandstorms,Scooter,Metropolitan,Short,76,123.07,130.0,14.47,2.19
High,Sandstorms,Scooter,Other,Medium,6,49.67,35.5,0.0,6.21
High,Sandstorms,Scooter,Other,Short,3,103.33,95.0,33.33,2.05
High,Sandstorms,Scooter,Urban,Medium,27,108.52,110.0,7.41,6.13
High,Sandstorms,Scooter,Urban,Short,25,114.36,130.0,4.0,2.58
High,Sandstorms,Van,Metropolitan,Medium,19,113.37,130.0,0.0,6.12
High,Sandstorms,Van,Metropolitan,Short,11,109.36,125.0,18.18,1.81
High,Sandstorms,Van,Other,Medium,2,130.0,130.0,0.0,6.22
High,Sandstorms,Van,Urban,Medium,5,77.4,60.0,0.0,6.18
High,Sandstorms,Van,Urban,Short,7,106.29,125.0,14.29,2.19
High,Stormy,Motorcycle,Metropolitan,Medium,186,144.38,150.0,38.17,6.13
High,Stormy,Motorcycle,Metropolitan,Short,147,145.64,150.0,39.46,2.39
High,Stormy,Motorcycle,Other,Medium,2,82.5,82.5,0.0,6.17
High,Stormy,Motorcycle,Other,Short,1,95.0,95.0,0.0,1.56
High,Stormy,Motorcycle,Semi-Urban,Medium,1,245.0,245.0,100.0,6.05
High,Stormy,Motorcycle,Urban,Medium,49,131.43,135.0,24.49,6.12
High,Stormy,Motorcycle,Urban,Short,43,134.51,140.0,32.56,2.27
High,Stormy,Scooter,Metropolitan,Medium,79,120.33,130.0,16.46,6.15
High,Stormy,Scooter,Metropolitan,Short,88,121.76,130.0,12.5,2.19
High,Stormy,Scooter,Other,Medium,2,155.0,155.0,0.0,6.08
High,Stormy,Scooter,Other,Short,2,31.0,31.0,0.0,3.05
High,Stormy,Scooter,Urban,Medium,30,100.03,105.0,13.33,6.16
High,Stormy,Scooter,Urban,Short,26,89.08,82.5,3.85,2.0
High,Stormy,Van,Metropolitan,Medium,24,134.17,137.5,4.17,6.14
High,Stormy,Van,Metropolitan,Short,19,125.26,135.0,21.05,2.34
High,Stormy,Van,Other,Short,1,125.0,125.0,0.0,3.02
High,Stormy,Van,Urban,Medium,9,96.11,85.0,0.0,6.14
High,Stormy,Van,Urban,Short,4,141.25,147.5,0.0,2.31
High,Sunny,Motorcycle,Metropolitan,Medium,176,136.91,120.0,29.55,6.14
High,Sunny,Motorcycle,Metropolitan,Short,134,134.73,115.0,26.12,2.26
High,Sunny,Motorcycle,Metropolitan,Very Long,3,175.0,140.0,33.33,5359.64
High,Sunny,Motorcycle,Other,Medium,3,118.33,100.0,33.33,6.18
High,Sunny,Motorcycle,Other,Short,5,73.0,65.0,0.0,1.82
High,Sunny,Motorcycle,Semi-Urban,Medium,7,256.43,260.0,100.0,6.21
High,Sunny,Motorcycle,Semi-Urban,Short,2,260.0,260.0,100.0,3.02
High,Sunny,Motorcycle,Urban,Medium,48,114.1,100.0,16.67,6.13
High,Sunny,Motorcycle,Urban,Short,51,91.16,80.0,7.84,2.23
High,Sunny,Scooter,Metropolitan,Medium,90,82.67,85.0,0.0,6.12
High,Sunny,Scooter,Metropolitan,Short,53,84.79,85.0,0.0,2.48
High,Sunny,Scooter,Other,Medium,5,90.0,90.0,0.0,6.21
High,Sunny,Scooter,Other,Short,5,73.0,80.0,0.0,2.46
High,Sunny,Scooter,Urban,Medium,38,69.63,70.0,0.0,6.12
High,Sunny,Scooter,Urban,Short,42,76.67,75.0,0.0,2.34
High,Sunny,Van,Metropolitan,Medium,22,80.23,87.5,0.0,6.13
High,Sunny,Van,Metropolitan,Short,15,92.67,95.0,0.0,2.66
High,Sunny,Van,Other,Short,1,95.0,95.0,0.0,1.54
High,Sunny,Van,Urban,Medium,7,79.29,85.0,0.0,6.08
High,Sunny,Van,Urban,Short,9,70.44,75.0,0.0,2.04
High,Windy,Motorcycle,Metropolitan,Medium,180,138.66,145.0,30.56,6.13
High,Windy,Motorcycle,Metropolitan,Short,141,144.0,150.0,34.75,2.22
High,Windy,Motorcycle,Other,Medium,6,145.83,152.5,50.0,6.08
High,Windy,Motorcycle,Other,Short,1,170.0,170.0,100.0,1.51
High,Windy,Motorcycle,Semi-Urban,Medium,2,245.0,245.0,100.0,6.09
High,Windy,Motorcycle,Urban,Medium,51,131.61,140.0,27.45,6.11
High,Windy,Motorcycle,Urban,Short,33,126.7,125.0,27.27,2.49
High,Windy,Motorcycle,Urban,Very Long,1,135.0,135.0,0.0,5889.66
High,Windy,Scooter,Metropolitan,Medium,92,116.0,127.5,4.35,6.13
High,Windy,Scooter,Metropolitan,Short,84,121.96,132.5,13.1,2.31
High,Windy,Scooter,Other,Medium,4,111.25,112.5,0.0,6.11
High,Windy,Scooter,Other,Short,5,96.0,105.0,20.0,2.44
High,Windy,Scooter,Urban,Medium,35,96.6,90.0,8.57,6.11
High,Windy,Scooter,Urban,Short,22,106.82,97.5,4.55,2.1
High,Windy,Van,Metropolitan,Medium,21,128.14,135.0,19.05,6.16
High,Windy,Van,Metropolitan,Short,17,117.53,130.0,23.53,2.26
High,Windy,Van,Other,Medium,1,100.0,100.0,0.0,6.23
High,Windy,Van,Other,Short,2,97.5,97.5,0.0,3.0
High,Windy,Van,Urban,Medium,11,107.73,110.0,9.09,6.09
High,Windy,Van,Urban,Short,5,89.0,70.0,0.0,1.84
High,Windy,Van,Urban,Very Long,1,27.0,27.0,0.0,4422.3
Jam,Cloudy,Motorcycle,Metropolitan,Long,399,198.96,210.0,87.22,12.13
Jam,Cloudy,Motorcycle,Metropolitan,Medium,286,132.87,135.0,17.83,8.44
Jam,Cloudy,Motorcycle,Metropolitan,Short,118,133.25,140.0,15.25,4.59
Jam,Cloudy,Motorcycle,Metropolitan,Very Long,311,196.98,205.0,87.14,113.19
Jam,Cloudy,Motorcycle,Other,Long,2,190.0,190.0,100.0,12.31
Jam,Cloudy,Motorcycle,Other,Medium,9,137.78,135.0,0.0,8.21
Jam,Cloudy,Motorcycle,Other,Short,4,102.5,115.0,0.0,4.58
Jam,Cloudy,Motorcycle,Semi-Urban,Long,14,234.57,242.5,92.86,12.46
Jam,Cloudy,Motorcycle,Semi-Urban,Very Long,21,238.43,245.0,95.24,17.85
Jam,Cloudy,Motorcycle,Urban,Long,59,196.2,205.0,88.14,12.33
Jam,Cloudy,Motorcycle,Urban,Medium,47,130.55,140.0,6.38,8.48
Jam,Cloudy,Motorcycle,Urban,Short,32,134.16,140.0,18.75,4.59
Jam,Cloudy,Motorcycle,Urban,Very Long,44,204.98,212.5,84.09,174.2
Jam,Cloudy,Scooter,Metropolitan,Long,230,191.31,195.0,87.39,12.15
Jam,Cloudy,Scooter,Metropolitan,Medium,150,142.63,145.0,32.67,8.39
Jam,Cloudy,Scooter,Metropolitan,Short,65,138.0,140.0,27.69,4.59
Jam,Cloudy,Scooter,Metropolitan,Very Long,177,197.11,200.0,90.96,52.41
Jam,Cloudy,Scooter,Other,Long,5,183.0,180.0,100.0,12.14
Jam,Cloudy,Scooter,Other,Medium,5,151.0,130.0,40.0,7.94
Jam,Cloudy,Scooter,Other,Short,4,156.25,155.0,50.0,4.58
Jam,Cloudy,Scooter,Other,Very Long,2,207.5,207.5,100.0,18.54
Jam,Cloudy,Scooter,Semi-Urban,Long,1,240.0,240.0,100.0,12.08
Jam,Cloudy,Scooter,Semi-Urban,Very Long,2,235.0,235.0,100.0,18.65
Jam,Cloudy,Scooter,Urban,Long,37,184.27,190.0,81.08,12.0
Jam,Cloudy,Scooter,Urban,Medium,30,144.5,140.0,33.33,8.21
Jam,Cloudy,Scooter,Urban,Short,14,151.07,152.5,28.57,4.59
Jam,Cloudy,Scooter,Urban,Very Long,31,192.29,190.0,83.87,18.66
Jam,Cloudy,Van,Metropolitan,Long,41,183.22,195.0,80.49,11.97
Jam,Cloudy,Van,Metropolitan,Medium,36,133.36,145.0,22.22,8.53
Jam,Cloudy,Van,Metropolitan,Short,15,145.13,150.0,40.0,4.59
Jam,Cloudy,Van,Metropolitan,Very Long,38,184.76,195.0,84.21,18.95
Jam,Cloudy,Van,Other,Long,3,143.67,185.0,66.67,12.15
Jam,Cloudy,Van,Other,Medium,2,130.0,130.0,0.0,8.57
Jam,Cloudy,Van,Other,Very Long,3,201.67,205.0,66.67,17.96
Jam,Cloudy,Van,Semi-Urban,Long,2,245.0,245.0,100.0,12.36
Jam,Cloudy,Van,Urban,Long,12,191.67,185.0,100.0,11.9
Jam,Cloudy,Van,Urban,Medium,9,145.0,140.0,33.33,8.16
Jam,Cloudy,Van,Urban,Short,2,142.5,142.5,0.0,4.62
Jam,Cloudy,Van,Urban,Very Long,5,195.0,200.0,100.0,17.42
Jam,Fog,Motorcycle,Metropolitan,Long,433,197.25,210.0,87.76,12.26
Jam,Fog,Motorcycle,Metropolitan,Medium,277,134.56,140.0,19.86,8.46
Jam,Fog,Motorcycle,Metropolitan,Short,110,137.38,142.5,23.64,4.6
Jam,Fog,Motorcycle,Metropolitan,Very Long,307,200.15,210.0,89.58,53.13
Jam,Fog,Motorcycle,Other,Long,6,180.83,202.5,83.33,12.84
Jam,Fog,Motorcycle,Other,Medium,5,121.4,145.0,20.0,8.59
Jam,Fog,Motorcycle,Other,Short,2,115.0,115.0,0.0,4.6
Jam,Fog,Motorcycle,Other,Very Long,2,182.5,182.5,100.0,19.98
Jam,Fog,Motorcycle,Semi-Urban,Long,12,236.17,252.5,91.67,12.33
Jam,Fog,Motorcycle,Semi-Urban,Very Long,9,229.11,245.0,88.89,17.5
Jam,Fog,Motorcycle,Urban,Long,72,200.28,210.0,91.67,12.12
Jam,Fog,Motorcycle,Urban,Medium,60,128.33,135.0,8.33,8.39
Jam,Fog,Motorcycle,Urban,Short,27,126.41,130.0,3.7,4.59
Jam,Fog,Motorcycle,Urban,Very Long,48,194.46,207.5,81.25,208.1
Jam,Fog,Scooter,Metropolitan,Long,246,190.72,195.0,84.55,12.32
Jam,Fog,Scooter,Metropolitan,Medium,156,140.65,150.0,34.62,8.39
Jam,Fog,Scooter,Metropolitan,Short,72,135.72,142.5,16.67,4.59
Jam,Fog,Scooter,Metropolitan,Very Long,175,189.55,200.0,88.0,46.92
Jam,Fog,Scooter,Other,Long,6,181.67,177.5,50.0,13.08
Jam,Fog,Scooter,Other,Medium,2,155.0,155.0,50.0,7.65
Jam,Fog,Scooter,Other,Very Long,5,189.0,205.0,80.0,18.35
Jam,Fog,Scooter,Semi-Urban,Long,2,242.5,242.5,100.0,12.52
Jam,Fog,Scooter,Semi-Urban,Very Long,4,233.75,235.0,100.0,18.58
Jam,Fog,Scooter,Urban,Long,44,186.7,195.0,81.82,12.41
Jam,Fog,Scooter,Urban,Medium,34,136.15,135.0,17.65,8.25
Jam,Fog,Scooter,Urban,Short,21,148.57,140.0,33.33,4.59
Jam,Fog,Scooter,Urban,Very Long,27,184.0,195.0,81.48,19.0
Jam,Fog,Van,Metropolitan,Long,69,183.13,195.0,76.81,12.26
Jam,Fog,Van,Metropolitan,Medium,37,142.51,160.0,40.54,8.26
Jam,Fog,Van,Metropolitan,Short,22,148.41,150.0,45.45,4.62
Jam,Fog,Van,Metropolitan,Very Long,51,188.22,190.0,90.2,18.51
Jam,Fog,Van,Semi-Urban,Long,1,245.0,245.0,100.0,10.87
Jam,Fog,Van,Urban,Long,5,190.0,190.0,100.0,12.1
Jam,Fog,Van,Urban,Medium,10,119.1,127.5,30.0,8.15
Jam,Fog,Van,Urban,Short,5,148.0,135.0,20.0,4.66
Jam,Fog,Van,Urban,Very Long,1,210.0,210.0,100.0,20.44
Jam,Sandstorms,Motorcycle,Metropolitan,Long,389,161.78,165.0,51.67,12.29
Jam,Sandstorms,Motorcycle,Metropolitan,Medium,278,141.78,150.0,36.33,8.38
Jam,Sandstorms,Motorcycle,Metropolitan,Short,113,137.19,145.0,31.86,4.58
Jam,Sandstorms,Motorcycle,Metropolitan,Very Long,271,166.07,170.0,54.61,78.0
Jam,Sandstorms,Motorcycle,Other,Long,7,158.57,155.0,42.86,12.41
Jam,Sandstorms,Motorcycle,Other,Medium,14,106.93,97.5,21.43,8.67
Jam,Sandstorms,Motorcycle,Other,Short,4,80.5,82.5,0.0,4.59
Jam,Sandstorms,Motorcycle,Other,Very Long,4,140.0,132.5,25.0,17.8
Jam,Sandstorms,Motorcycle,Semi-Urban,Long,6,256.67,260.0,100.0,12.8
Jam,Sandstorms,Motorcycle,Semi-Urban,Medium,1,230.0,230.0,100.0,7.68
Jam,Sandstorms,Motorcycle,Semi-Urban,Short,1,240.0,240.0,100.0,4.54
Jam,Sandstorms,Motorcycle,Semi-Urban,Very Long,6,227.0,262.5,83.33,18.58
Jam,Sandstorms,Motorcycle,Urban,Long,88,156.36,157.5,45.45,12.34
Jam,Sandstorms,Motorcycle,Urban,Medium,55,115.22,120.0,10.91,8.43
Jam,Sandstorms,Motorcycle,Urban,Short,36,125.89,127.5,22.22,4.59
Jam,Sandstorms,Motorcycle,Urban,Very Long,62,146.92,155.0,38.71,193.99
Jam,Sandstorms,Scooter,Metropolitan,Long,257,140.65,140.0,35.8,12.29
Jam,Sandstorms,Scooter,Metropolitan,Medium,133,120.71,135.0,10.53,8.48
Jam,Sandstorms,Scooter,Metropolitan,Short,67,122.66,135.0,11.94,4.59
Jam,Sandstorms,Scooter,Metropolitan,Very Long,168,134.72,135.0,24.4,211.19
Jam,Sandstorms,Scooter,Other,Long,10,111.2,117.5,0.0,11.84
Jam,Sandstorms,Scooter,Other,Medium,7,100.71,95.0,0.0,8.45
Jam,Sandstorms,Scooter,Other,Short,1,160.0,160.0,0.0,4.61
Jam,Sandstorms,Scooter,Other,Very Long,4,116.25,122.5,0.0,18.96
Jam,Sandstorms,Scooter,Urban,Long,40,119.78,115.0,15.0,12.45
Jam,Sandstorms,Scooter,Urban,Medium,42,113.81,120.0,2.38,8.49
Jam,Sandstorms,Scooter,Urban,Short,26,101.58,110.0,3.85,4.62
Jam,Sandstorms,Scooter,Urban,Very Long,42,126.26,125.0,14.29,162.18
Jam,Sandstorms,Van,Metropolitan,Long,51,136.31,140.0,31.37,12.43
Jam,Sandstorms,Van,Metropolitan,Medium,34,109.06,125.0,2.94,8.49
Jam,Sandstorms,Van,Metropolitan,Short,20,127.75,135.0,10.0,4.59
Jam,Sandstorms,Van,Metropolitan,Very Long,33,143.09,140.0,36.36,18.85
Jam,Sandstorms,Van,Other,Long,3,126.67,125.0,0.0,12.38
Jam,Sandstorms,Van,Other,Medium,1,155.0,155.0,0.0,7.86
Jam,Sandstorms,Van,Other,Very Long,2,100.0,100.0,0.0,18.28
Jam,Sandstorms,Van,Urban,Long,11,120.91,125.0,18.18,12.66
Jam,Sandstorms,Van,Urban,Medium,14,116.07,115.0,0.0,8.46
Jam,Sandstorms,Van,Urban,Short,7,81.29,75.0,0.0,4.62
Jam,Sandstorms,Van,Urban,Very Long,8,114.38,105.0,12.5,19.63
Jam,Stormy,Motorcycle,Metropolitan,Long,399,162.7,165.0,52.38,12.32
Jam,Stormy,Motorcycle,Metropolitan,Medium,229,148.97,150.0,38.86,8.49
Jam,Stormy,Motorcycle,Metropolitan,Short,112,140.76,147.5,34.82,4.59
Jam,Stormy,Motorcycle,Metropolitan,Very Long,268,156.6,160.0,48.13,83.85
Jam,Stormy,Motorcycle,Other,Long,11,106.45,90.0,18.18,12.3
Jam,Stormy,Motorcycle,Other,Medium,7,76.43,55.0,0.0,8.37
Jam,Stormy,Motorcycle,Other,Short,3,108.33,125.0,0.0,4.58
Jam,Stormy,Motorcycle,Other,Very Long,5,79.6,90.0,0.0,19.38
Jam,Stormy,Motorcycle,Semi-Urban,Long,13,238.31,260.0,92.31,12.16
Jam,Stormy,Motorcycle,Semi-Urban,Medium,1,230.0,230.0,100.0,9.22
Jam,Stormy,Motorcycle,Semi-Urban,Short,1,230.0,230.0,100.0,4.53
Jam,Stormy,Motorcycle,Semi-Urban,Very Long,2,240.0,240.0,100.0,18.68
Jam,Stormy,Motorcycle,Urban,Long,82,151.95,155.0,43.9,12.3
Jam,Stormy,Motorcycle,Urban,Medium,53,132.47,130.0,28.3,8.36
Jam,Stormy,Motorcycle,Urban,Short,34,131.29,142.5,32.35,4.59
Jam,Stormy,Motorcycle,Urban,Very Long,52,145.08,132.5,40.38,18.53
Jam,Stormy,Scooter,Metropolitan,Long,228,133.8,135.0,26.75,12.21
Jam,Stormy,Scooter,Metropolitan,Medium,137,122.78,130.0,16.06,8.4
Jam,Stormy,Scooter,Metropolitan,Short,82,116.73,125.0,4.88,4.6
Jam,Stormy,Scooter,Metropolitan,Very Long,157,141.97,145.0,35.03,40.67
Jam,Stormy,Scooter,Other,Long,12,111.83,107.5,16.67,12.22
Jam,Stormy,Scooter,Other,Medium,3,70.67,60.0,0.0,8.3
Jam,Stormy,Scooter,Other,Short,2,60.0,60.0,0.0,4.62
Jam,Stormy,Scooter,Other,Very Long,5,106.0,100.0,0.0,18.89
Jam,Stormy,Scooter,Urban,Long,54,132.0,127.5,25.93,12.46
Jam,Stormy,Scooter,Urban,Medium,39,114.49,130.0,2.56,8.42
Jam,Stormy,Scooter,Urban,Short,17,100.76,125.0,0.0,4.6
Jam,Stormy,Scooter,Urban,Very Long,57,128.19,130.0,26.32,242.1
Jam,Stormy,Van,Metropolitan,Long,59,136.17,135.0,30.51,12.09
Jam,Stormy,Van,Metropolitan,Medium,42,114.43,127.5,7.14,8.46
Jam,Stormy,Van,Metropolitan,Short,13,108.85,120.0,7.69,4.59
Jam,Stormy,Van,Metropolitan,Very Long,36,140.28,140.0,27.78,18.61
Jam,Stormy,Van,Other,Medium,1,170.0,170.0,100.0,8.94
Jam,Stormy,Van,Other,Very Long,1,135.0,135.0,0.0,20.18
Jam,Stormy,Van,Urban,Long,9,125.0,115.0,11.11,12.5
Jam,Stormy,Van,Urban,Medium,9,104.22,130.0,11.11,7.79
Jam,Stormy,Van,Urban,Short,4,103.75,102.5,0.0,4.6
Jam,Stormy,Van,Urban,Very Long,20,131.0,130.0,15.0,18.36
Jam,Sunny,Motorcycle,Metropolitan,Long,356,121.26,120.0,20.79,12.31
Jam,Sunny,Motorcycle,Metropolitan,Medium,233,127.37,110.0,22.75,8.39
Jam,Sunny,Motorcycle,Metropolitan,Short,124,129.41,115.0,23.39,4.6
Jam,Sunny,Motorcycle,Metropolitan,Very Long,212,126.11,125.0,22.64,115.95
Jam,Sunny,Motorcycle,Other,Long,21,99.05,90.0,9.52,12.33
Jam,Sunny,Motorcycle,Other,Medium,9,92.22,80.0,11.11,8.18
Jam,Sunny,Motorcycle,Other,Short,4,73.75,72.5,0.0,4.62
Jam,Sunny,Motorcycle,Other,Very Long,4,112.5,125.0,0.0,16.85
Jam,Sunny,Motorcycle,Semi-Urban,Medium,4,251.25,247.5,100.0,8.81
Jam,Sunny,Motorcycle,Semi-Urban,Short,6,242.5,240.0,100.0,4.58
Jam,Sunny,Motorcycle,Urban,Long,98,113.13,110.0,15.31,12.29
Jam,Sunny,Motorcycle,Urban,Medium,89,103.69,90.0,16.85,8.4
Jam,Sunny,Motorcycle,Urban,Short,40,113.12,97.5,15.0,4.58
Jam,Sunny,Motorcycle,Urban,Very Long,78,105.17,102.5,14.1,47.09
Jam,Sunny,Scooter,Metropolitan,Long,197,103.8,105.0,5.58,12.21
Jam,Sunny,Scooter,Metropolitan,Medium,118,84.14,90.0,0.0,8.38
Jam,Sunny,Scooter,Metropolitan,Short,50,84.22,90.0,0.0,4.59
Jam,Sunny,Scooter,Metropolitan,Very Long,146,98.41,95.0,2.74,99.07
Jam,Sunny,Scooter,Other,Long,6,109.17,107.5,0.0,11.84
Jam,Sunny,Scooter,Other,Medium,6,67.5,60.0,0.0,7.96
Jam,Sunny,Scooter,Other,Short,1,70.0,70.0,0.0,4.54
Jam,Sunny,Scooter,Other,Very Long,8,91.25,97.5,0.0,17.81
Jam,Sunny,Scooter,Urban,Long,66,92.44,95.0,1.52,12.31
Jam,Sunny,Scooter,Urban,Medium,62,75.29,77.5,0.0,8.34
Jam,Sunny,Scooter,Urban,Short,32,73.94,80.0,0.0,4.59
Jam,Sunny,Scooter,Urban,Very Long,59,86.68,95.0,1.69,18.7
Jam,Sunny,Van,Metropolitan,Long,49,104.9,105.0,4.08,12.05
Jam,Sunny,Van,Metropolitan,Medium,42,84.1,87.5,0.0,8.23
Jam,Sunny,Van,Metropolitan,Short,13,86.85,95.0,0.0,4.6
Jam,Sunny,Van,Metropolitan,Very Long,45,97.44,100.0,0.0,18.26
Jam,Sunny,Van,Other,Long,3,73.33,65.0,0.0,13.3
Jam,Sunny,Van,Other,Medium,1,60.0,60.0,0.0,7.86
Jam,Sunny,Van,Other,Very Long,1,85.0,85.0,0.0,17.08
Jam,Sunny,Van,Urban,Long,10,90.4,100.0,0.0,12.74
Jam,Sunny,Van,Urban,Medium,14,78.21,85.0,0.0,8.56
Jam,Sunny,Van,Urban,Short,12,86.67,87.5,0.0,4.59
Jam,Sunny,Van,Urban,Very Long,13,86.38,95.0,0.0,284.16
Jam,Windy,Motorcycle,Metropolitan,Long,395,164.87,175.0,56.46,12.42
Jam,Windy,Motorcycle,Metropolitan,Medium,262,143.52,145.0,35.5,8.32
Jam,Windy,Motorcycle,Metropolitan,Short,120,146.83,150.0,38.33,4.6
Jam,Windy,Motorcycle,Metropolitan,Very Long,293,163.48,165.0,53.24,41.1
Jam,Windy,Motorcycle,Other,Long,4,140.5,137.5,50.0,11.48
Jam,Windy,Motorcycle,Other,Medium,4,101.25,85.0,25.0,8.78
Jam,Windy,Motorcycle,Other,Short,3,160.0,160.0,33.33,4.54
Jam,Windy,Motorcycle,Other,Very Long,9,111.0,90.0,33.33,19.06
Jam,Windy,Motorcycle,Semi-Urban,Long,7,257.86,260.0,100.0,11.95
Jam,Windy,Motorcycle,Semi-Urban,Medium,3,238.33,240.0,100.0,8.77
Jam,Windy,Motorcycle,Semi-Urban,Short,1,230.0,230.0,100.0,4.56
Jam,Windy,Motorcycle,Semi-Urban,Very Long,6,260.0,262.5,100.0,18.74
Jam,Windy,Motorcycle,Urban,Long,95,140.11,140.0,36.84,12.01
Jam,Windy,Motorcycle,Urban,Medium,71,123.41,135.0,25.35,8.5
Jam,Windy,Motorcycle,Urban,Short,29,135.0,130.0,31.03,4.61
Jam,Windy,Motorcycle,Urban,Very Long,57,138.11,140.0,36.84,95.78
Jam,Windy,Scooter,Metropolitan,Long,204,136.77,135.0,30.39,12.18
Jam,Windy,Scooter,Metropolitan,Medium,137,121.95,130.0,13.14,8.42
Jam,Windy,Scooter,Metropolitan,Short,64,120.25,135.0,21.88,4.59
Jam,Windy,Scooter,Metropolitan,Very Long,161,132.21,130.0,24.22,67.63
Jam,Windy,Scooter,Other,Long,7,103.57,105.0,0.0,12.25
Jam,Windy,Scooter,Other,Medium,2,120.0,120.0,0.0,8.52
Jam,Windy,Scooter,Other,Short,2,107.5,107.5,0.0,4.6
Jam,Windy,Scooter,Other,Very Long,10,132.5,130.0,20.0,18.16
Jam,Windy,Scooter,Urban,Long,62,125.31,127.5,16.13,12.48
Jam,Windy,Scooter,Urban,Medium,30,95.3,95.0,0.0,8.39
Jam,Windy,Scooter,Urban,Short,20,103.7,110.0,0.0,4.58
Jam,Windy,Scooter,Urban,Very Long,38,123.79,117.5,23.68,18.84
Jam,Windy,Van,Metropolitan,Long,57,139.58,135.0,28.07,12.08
Jam,Windy,Van,Metropolitan,Medium,44,122.43,130.0,9.09,8.34
Jam,Windy,Van,Metropolitan,Short,16,125.0,147.5,18.75,4.62
Jam,Windy,Van,Metropolitan,Very Long,28,141.14,135.0,32.14,18.29
Jam,Windy,Van,Other,Long,2,147.5,147.5,0.0,10.6
Jam,Windy,Van,Urban,Long,12,118.5,110.0,25.0,11.93
Jam,Windy,Van,Urban,Medium,13,105.85,125.0,7.69,8.53
Jam,Windy,Van,Urban,Short,5,99.0,80.0,20.0,4.61
Jam,Windy,Van,Urban,Very Long,13,115.38,105.0,15.38,19.02
Low,Cloudy,Motorcycle,Metropolitan,Long,262,142.9,130.0,36.26,12.3
Low,Cloudy,Motorcycle,Metropolitan,Medium,166,91.97,90.0,0.0,8.38
Low,Cloudy,Motorcycle,Metropolitan,Short,451,94.14,95.0,0.0,2.62
Low,Cloudy,Motorcycle,Metropolitan,Very Long,198,143.33,135.0,35.86,84.15
Low,Cloudy,Motorcycle,Other,Long,10,145.5,122.5,40.0,12.24
Low,Cloudy,Motorcycle,Other,Medium,9,82.11,80.0,0.0,8.86
Low,Cloudy,Motorcycle,Other,Short,18,87.56,82.5,0.0,2.54
Low,Cloudy,Motorcycle,Other,Very Long,2,142.5,142.5,50.0,20.18
Low,Cloudy,Motorcycle,Urban,Long,63,136.57,130.0,26.98,12.13
Low,Cloudy,Motorcycle,Urban,Medium,57,80.35,85.0,0.0,8.31
Low,Cloudy,Motorcycle,Urban,Short,182,89.48,90.0,0.0,2.52
Low,Cloudy,Motorcycle,Urban,Very Long,52,139.17,122.5,36.54,192.81
Low,Cloudy,Scooter,Metropolitan,Long,149,137.02,135.0,24.83,12.03
Low,Cloudy,Scooter,Metropolitan,Medium,83,78.17,80.0,0.0,8.41
Low,Cloudy,Scooter,Metropolitan,Short,214,77.1,80.0,0.0,2.78
Low,Cloudy,Scooter,Metropolitan,Very Long,117,139.03,140.0,25.64,112.97
Low,Cloudy,Scooter,Other,Long,2,137.5,137.5,0.0,13.07
Low,Cloudy,Scooter,Other,Medium,7,85.71,85.0,0.0,7.94
Low,Cloudy,Scooter,Other,Short,18,77.22,75.0,0.0,2.72
Low,Cloudy,Scooter,Other,Very Long,1,130.0,130.0,0.0,19.69
Low,Cloudy,Scooter,Urban,Long,40,129.43,130.0,12.5,12.23
Low,Cloudy,Scooter,Urban,Medium,43,71.86,75.0,0.0,8.24
Low,Cloudy,Scooter,Urban,Short,149,72.87,75.0,0.0,2.68
Low,Cloudy,Scooter,Urban,Very Long,27,129.48,130.0,11.11,431.1
Low,Cloudy,Van,Metropolitan,Long,31,144.65,140.0,32.26,12.49
Low,Cloudy,Van,Metropolitan,Medium,25,77.28,80.0,0.0,8.49
Low,Cloudy,Van,Metropolitan,Short,58,76.76,80.0,0.0,2.65
Low,Cloudy,Van,Metropolitan,Very Long,27,147.63,145.0,33.33,18.21
Low,Cloudy,Van,Other,Long,1,23.0,23.0,0.0,12.24
Low,Cloudy,Van,Other,Medium,2,65.0,65.0,0.0,9.25
Low,Cloudy,Van,Other,Short,2,87.5,87.5,0.0,1.56
Low,Cloudy,Van,Other,Very Long,2,102.5,102.5,0.0,18.15
Low,Cloudy,Van,Urban,Long,12,128.75,132.5,0.0,12.09
Low,Cloudy,Van,Urban,Medium,5,80.0,85.0,0.0,8.64
Low,Cloudy,Van,Urban,Short,36,68.61,75.0,0.0,2.52
Low,Cloudy,Van,Urban,Very Long,4,157.5,157.5,50.0,17.77
Low,Fog,Motorcycle,Metropolitan,Long,256,144.26,140.0,41.02,12.13
Low,Fog,Motorcycle,Metropolitan,Medium,137,96.24,95.0,0.0,8.53
Low,Fog,Motorcycle,Metropolitan,Short,502,92.11,95.0,0.0,2.69
Low,Fog,Motorcycle,Metropolitan,Very Long,197,143.14,135.0,40.1,165.14
Low,Fog,Motorcycle,Other,Long,9,147.78,125.0,44.44,12.4
Low,Fog,Motorcycle,Other,Medium,6,83.33,85.0,0.0,7.97
Low,Fog,Motorcycle,Other,Short,23,87.83,85.0,0.0,2.68
Low,Fog,Motorcycle,Other,Very Long,6,158.33,142.5,33.33,18.96
Low,Fog,Motorcycle,Urban,Long,49,132.04,120.0,34.69,12.09
Low,Fog,Motorcycle,Urban,Medium,59,91.05,90.0,0.0,8.54
Low,Fog,Motorcycle,Urban,Short,197,86.1,85.0,0.0,2.61
Low,Fog,Motorcycle,Urban,Very Long,52,130.33,120.0,26.92,256.72
Low,Fog,Scooter,Metropolitan,Long,146,133.7,135.0,26.71,12.33
Low,Fog,Scooter,Metropolitan,Medium,85,74.06,80.0,0.0,8.36
Low,Fog,Scooter,Metropolitan,Short,222,75.09,80.0,0.0,2.63
Low,Fog,Scooter,Metropolitan,Very Long,106,135.1,135.0,19.81,99.5
Low,Fog,Scooter,Other,Long,7,127.14,125.0,0.0,11.96
Low,Fog,Scooter,Other,Medium,9,65.0,60.0,0.0,8.49
Low,Fog,Scooter,Other,Short,19,81.05,85.0,0.0,2.92
Low,Fog,Scooter,Urban,Long,30,128.73,130.0,20.0,12.13
Low,Fog,Scooter,Urban,Medium,38,72.95,75.0,0.0,8.64
Low,Fog,Scooter,Urban,Short,135,70.39,75.0,0.0,2.68
Low,Fog,Scooter,Urban,Very Long,24,142.92,142.5,25.0,19.13
Low,Fog,Van,Metropolitan,Long,37,129.86,135.0,16.22,12.31
Low,Fog,Van,Metropolitan,Medium,18,74.39,75.0,0.0,8.52
Low,Fog,Van,Metropolitan,Short,59,74.39,80.0,0.0,2.67
Low,Fog,Van,Metropolitan,Very Long,28,143.39,137.5,28.57,18.03
Low,Fog,Van,Other,Long,1,120.0,120.0,0.0,10.26
Low,Fog,Van,Other,Medium,2,72.5,72.5,0.0,8.48
Low,Fog,Van,Other,Short,3,90.0,90.0,0.0,2.03
Low,Fog,Van,Urban,Long,9,137.78,140.0,22.22,12.53
Low,Fog,Van,Urban,Medium,11,74.55,70.0,0.0,8.77
Low,Fog,Van,Urban,Short,31,67.42,75.0,0.0,3.15
Low,Fog,Van,Urban,Very Long,7,114.57,130.0,0.0,18.48
Low,Sandstorms,Motorcycle,Metropolitan,Long,232,99.13,105.0,0.0,12.18
Low,Sandstorms,Motorcycle,Metropolitan,Medium,162,108.49,115.0,3.7,8.4
Low,Sandstorms,Motorcycle,Metropolitan,Short,499,109.18,115.0,3.61,2.64
Low,Sandstorms,Motorcycle,Metropolitan,Very Long,162,97.6,100.0,0.62,120.4
Low,Sandstorms,Motorcycle,Other,Long,6,80.0,77.5,0.0,12.04
Low,Sandstorms,Motorcycle,Other,Medium,11,109.55,105.0,0.0,8.19
Low,Sandstorms,Motorcycle,Other,Short,19,110.79,115.0,5.26,2.58
Low,Sandstorms,Motorcycle,Other,Very Long,10,95.5,87.5,0.0,17.87
Low,Sandstorms,Motorcycle,Urban,Long,85,90.71,90.0,0.0,12.4
Low,Sandstorms,Motorcycle,Urban,Medium,48,89.44,90.0,0.0,8.47
Low,Sandstorms,Motorcycle,Urban,Short,179,96.77,100.0,1.12,2.53
Low,Sandstorms,Motorcycle,Urban,Very Long,70,90.0,95.0,0.0,18.94
Low,Sandstorms,Scooter,Metropolitan,Long,139,90.19,90.0,0.0,12.45
Low,Sandstorms,Scooter,Metropolitan,Medium,70,95.47,95.0,0.0,8.32
Low,Sandstorms,Scooter,Metropolitan,Short,254,96.35,100.0,0.0,2.76
Low,Sandstorms,Scooter,Metropolitan,Very Long,79,92.58,90.0,0.0,249.35
Low,Sandstorms,Scooter,Other,Long,13,71.69,85.0,0.0,12.17
Low,Sandstorms,Scooter,Other,Medium,8,74.5,75.0,0.0,7.88
Low,Sandstorms,Scooter,Other,Short,14,86.79,97.5,0.0,3.06
Low,Sandstorms,Scooter,Other,Very Long,6,94.17,90.0,0.0,18.59
Low,Sandstorms,Scooter,Urban,Long,62,82.13,85.0,0.0,12.18
Low,Sandstorms,Scooter,Urban,Medium,33,90.82,95.0,0.0,8.23
Low,Sandstorms,Scooter,Urban,Short,134,81.37,75.0,0.0,2.64
Low,Sandstorms,Scooter,Urban,Very Long,32,74.59,75.0,0.0,18.64
Low,Sandstorms,Van,Metropolitan,Long,33,82.85,85.0,0.0,12.17
Low,Sandstorms,Van,Metropolitan,Medium,15,97.53,90.0,0.0,8.49
Low,Sandstorms,Van,Metropolitan,Short,65,97.38,105.0,0.0,2.75
Low,Sandstorms,Van,Metropolitan,Very Long,21,88.67,95.0,0.0,338.98
Low,Sandstorms,Van,Other,Medium,1,75.0,75.0,0.0,9.31
Low,Sandstorms,Van,Other,Short,1,70.0,70.0,0.0,1.51
Low,Sandstorms,Van,Other,Very Long,4,85.0,87.5,0.0,18.76
Low,Sandstorms,Van,Urban,Long,11,77.09,75.0,0.0,12.29
Low,Sandstorms,Van,Urban,Medium,8,91.38,95.0,0.0,7.98
Low,Sandstorms,Van,Urban,Short,27,74.7,70.0,0.0,2.45
Low,Sandstorms,Van,Urban,Very Long,7,72.86,75.0,0.0,18.11
Low,Stormy,Motorcycle,Metropolitan,Long,238,100.68,105.0,0.0,12.26
Low,Stormy,Motorcycle,Metropolitan,Medium,177,113.47,115.0,5.65,8.54
Low,Stormy,Motorcycle,Metropolitan,Short,523,109.5,115.0,3.82,2.69
Low,Stormy,Motorcycle,Metropolitan,Very Long,177,98.19,100.0,0.0,113.25
Low,Stormy,Motorcycle,Other,Long,11,107.27,105.0,0.0,12.51
Low,Stormy,Motorcycle,Other,Medium,5,93.0,90.0,0.0,8.63
Low,Stormy,Motorcycle,Other,Short,21,93.43,100.0,0.0,2.7
Low,Stormy,Motorcycle,Other,Very Long,11,104.55,105.0,0.0,18.45
Low,Stormy,Motorcycle,Urban,Long,102,92.69,95.0,0.0,12.15
Low,Stormy,Motorcycle,Urban,Medium,45,93.13,105.0,0.0,8.49
Low,Stormy,Motorcycle,Urban,Short,192,95.67,100.0,1.04,2.61
Low,Stormy,Motorcycle,Urban,Very Long,67,83.21,85.0,0.0,167.43
Low,Stormy,Scooter,Metropolitan,Long,117,96.22,90.0,0.0,12.23
Low,Stormy,Scooter,Metropolitan,Medium,88,97.36,95.0,0.0,8.32
Low,Stormy,Scooter,Metropolitan,Short,269,96.43,100.0,0.0,2.67
Low,Stormy,Scooter,Metropolitan,Very Long,90,91.37,90.0,0.0,150.46
Low,Stormy,Scooter,Other,Long,11,65.82,60.0,0.0,12.23
Low,Stormy,Scooter,Other,Medium,5,73.0,75.0,0.0,8.54
Low,Stormy,Scooter,Other,Short,14,92.79,85.0,0.0,2.74
Low,Stormy,Scooter,Other,Very Long,9,86.67,85.0,0.0,18.53
Low,Stormy,Scooter,Urban,Long,55,80.93,75.0,0.0,12.57
Low,Stormy,Scooter,Urban,Medium,28,91.96,92.5,0.0,8.2
Low,Stormy,Scooter,Urban,Short,117,89.26,90.0,0.0,2.64
Low,Stormy,Scooter,Urban,Very Long,41,84.8,85.0,0.0,18.62
Low,Stormy,Van,Metropolitan,Long,31,89.45,85.0,0.0,12.51
Low,Stormy,Van,Metropolitan,Medium,19,78.21,75.0,0.0,8.46
Low,Stormy,Van,Metropolitan,Short,66,100.32,105.0,0.0,2.62
Low,Stormy,Van,Metropolitan,Very Long,27,92.56,90.0,0.0,209.44
Low,Stormy,Van,Other,Long,3,95.0,95.0,0.0,11.81
Low,Stormy,Van,Other,Medium,2,102.5,102.5,0.0,8.46
Low,Stormy,Van,Other,Short,1,75.0,75.0,0.0,2.93
Low,Stormy,Van,Other,Very Long,1,115.0,115.0,0.0,20.29
Low,Stormy,Van,Urban,Long,11,93.18,75.0,0.0,12.19
Low,Stormy,Van,Urban,Medium,7,80.29,85.0,0.0,8.78
Low,Stormy,Van,Urban,Short,23,82.04,80.0,0.0,2.41
Low,Stormy,Van,Urban,Very Long,15,93.67,90.0,0.0,18.65
Low,Sunny,Motorcycle,Metropolitan,Long,227,132.2,130.0,14.98,12.3
Low,Sunny,Motorcycle,Metropolitan,Medium,137,94.07,95.0,0.0,8.46
Low,Sunny,Motorcycle,Metropolitan,Short,475,93.27,95.0,0.0,2.76
Low,Sunny,Motorcycle,Metropolitan,Very Long,150,132.4,130.0,22.67,245.65
Low,Sunny,Motorcycle,Other,Long,14,107.36,130.0,0.0,12.3
Low,Sunny,Motorcycle,Other,Medium,3,78.33,85.0,0.0,8.25
Low,Sunny,Motorcycle,Other,Short,17,87.06,80.0,0.0,2.52
Low,Sunny,Motorcycle,Other,Very Long,6,107.5,100.0,0.0,18.0
Low,Sunny,Motorcycle,Urban,Long,57,123.05,130.0,5.26,12.55
Low,Sunny,Motorcycle,Urban,Medium,61,81.66,80.0,0.0,8.35
Low,Sunny,Motorcycle,Urban,Short,192,79.2,75.0,0.0,2.55
Low,Sunny,Motorcycle,Urban,Very Long,49,118.22,120.0,8.16,138.07
Low,Sunny,Scooter,Metropolitan,Long,146,139.83,140.0,32.19,12.27
Low,Sunny,Scooter,Metropolitan,Medium,62,78.11,85.0,0.0,8.44
Low,Sunny,Scooter,Metropolitan,Short,246,83.15,85.0,0.0,2.62
Low,Sunny,Scooter,Metropolitan,Very Long,99,135.81,135.0,32.32,191.74
Low,Sunny,Scooter,Other,Long,5,115.0,115.0,0.0,11.6
Low,Sunny,Scooter,Other,Medium,5,81.0,85.0,0.0,8.28
Low,Sunny,Scooter,Other,Short,16,71.94,75.0,0.0,2.87
Low,Sunny,Scooter,Other,Very Long,3,117.33,145.0,33.33,17.64
Low,Sunny,Scooter,Urban,Long,35,125.4,125.0,28.57,12.38
Low,Sunny,Scooter,Urban,Medium,47,78.34,80.0,0.0,8.38
Low,Sunny,Scooter,Urban,Short,123,77.31,80.0,0.0,2.51
Low,Sunny,Scooter,Urban,Very Long,31,114.1,115.0,12.9,128.95
Low,Sunny,Van,Metropolitan,Long,36,132.42,137.5,30.56,11.92
Low,Sunny,Van,Metropolitan,Medium,23,80.65,90.0,0.0,8.48
Low,Sunny,Van,Metropolitan,Short,58,85.16,90.0,0.0,2.65
Low,Sunny,Van,Metropolitan,Very Long,31,123.03,125.0,19.35,18.4
Low,Sunny,Van,Other,Short,3,78.33,90.0,0.0,3.04
Low,Sunny,Van,Urban,Long,5,129.0,135.0,0.0,11.88
Low,Sunny,Van,Urban,Medium,7,81.0,85.0,0.0,7.88
Low,Sunny,Van,Urban,Short,25,74.4,75.0,0.0,2.27
Low,Sunny,Van,Urban,Very Long,7,129.29,135.0,0.0,18.36
Low,Windy,Motorcycle,Metropolitan,Long,218,100.61,105.0,0.0,12.2
Low,Windy,Motorcycle,Metropolitan,Medium,171,108.61,115.0,6.43,8.48
Low,Windy,Motorcycle,Metropolitan,Short,473,109.58,115.0,5.71,2.62
Low,Windy,Motorcycle,Metropolitan,Very Long,150,102.89,105.0,0.0,18.46
Low,Windy,Motorcycle,Other,Long,11,97.73,100.0,0.0,12.91
Low,Windy,Motorcycle,Other,Medium,11,92.27,95.0,0.0,8.72
Low,Windy,Motorcycle,Other,Short,22,83.55,82.5,4.55,2.49
Low,Windy,Motorcycle,Other,Very Long,6,104.17,107.5,0.0,17.91
Low,Windy,Motorcycle,Urban,Long,76,92.16,90.0,0.0,12.03
Low,Windy,Motorcycle,Urban,Medium,57,97.32,100.0,5.26,8.49
Low,Windy,Motorcycle,Urban,Short,149,100.82,110.0,3.36,2.9
Low,Windy,Motorcycle,Urban,Very Long,74,94.84,95.0,0.0,146.72
Low,Windy,Scooter,Metropolitan,Long,129,92.22,90.0,0.0,12.27
Low,Windy,Scooter,Metropolitan,Medium,75,93.39,95.0,0.0,8.36
Low,Windy,Scooter,Metropolitan,Short,281,97.74,100.0,0.0,2.64
Low,Windy,Scooter,Metropolitan,Very Long,93,93.9,90.0,0.0,143.88
Low,Windy,Scooter,Other,Long,6,63.33,60.0,0.0,12.21
Low,Windy,Scooter,Other,Medium,10,86.0,75.0,0.0,8.26
Low,Windy,Scooter,Other,Short,12,83.92,67.5,0.0,2.55
Low,Windy,Scooter,Other,Very Long,6,75.17,75.0,0.0,1140.59
Low,Windy,Scooter,Urban,Long,41,78.9,75.0,0.0,12.58
Low,Windy,Scooter,Urban,Medium,32,80.81,82.5,0.0,8.34
Low,Windy,Scooter,Urban,Short,103,86.42,80.0,0.0,2.63
Low,Windy,Scooter,Urban,Very Long,34,78.12,77.5,0.0,212.78
Low,Windy,Van,Metropolitan,Long,19,90.63,90.0,0.0,12.31
Low,Windy,Van,Metropolitan,Medium,17,88.24,75.0,0.0,8.66
Low,Windy,Van,Metropolitan,Short,58,101.69,110.0,0.0,2.75
Low,Windy,Van,Metropolitan,Very Long,19,87.89,85.0,0.0,367.22
Low,Windy,Van,Other,Short,4,80.0,65.0,0.0,3.45
Low,Windy,Van,Other,Very Long,2,75.0,75.0,0.0,3445.96
Low,Windy,Van,Urban,Long,15,91.33,80.0,0.0,11.46
Low,Windy,Van,Urban,Medium,7,85.71,95.0,0.0,8.4
Low,Windy,Van,Urban,Short,25,89.44,85.0,0.0,2.56
Low,Windy,Van,Urban,Very Long,8,78.75,75.0,0.0,18.74
Medium,Cloudy,Motorcycle,Metropolitan,Long,248,176.02,180.0,71.77,12.14
Medium,Cloudy,Motorcycle,Metropolitan,Medium,243,112.07,120.0,7.82,7.37
Medium,Cloudy,Motorcycle,Metropolitan,Short,91,109.15,120.0,7.69,4.59
Medium,Cloudy,Motorcycle,Metropolitan,Very Long,204,178.8,182.5,69.12,80.08
Medium,Cloudy,Motorcycle,Other,Long,6,190.0,200.0,83.33,12.87
Medium,Cloudy,Motorcycle,Other,Medium,10,92.4,95.0,0.0,7.37
Medium,Cloudy,Motorcycle,Other,Short,5,126.0,130.0,40.0,4.6
Medium,Cloudy,Motorcycle,Other,Very Long,2,212.5,212.5,100.0,17.1
Medium,Cloudy,Motorcycle,Semi-Urban,Very Long,1,230.0,230.0,100.0,19.62
Medium,Cloudy,Motorcycle,Urban,Long,51,170.27,180.0,64.71,12.37
Medium,Cloudy,Motorcycle,Urban,Medium,88,97.97,90.0,2.27,7.3
Medium,Cloudy,Motorcycle,Urban,Short,27,85.37,80.0,0.0,4.58
Medium,Cloudy,Motorcycle,Urban,Very Long,33,186.82,190.0,75.76,18.17
Medium,Cloudy,Scooter,Metropolitan,Long,167,167.04,170.0,61.68,12.16
Medium,Cloudy,Scooter,Metropolitan,Medium,126,81.1,82.5,0.0,7.5
Medium,Cloudy,Scooter,Metropolitan,Short,45,78.67,80.0,0.0,4.61
Medium,Cloudy,Scooter,Metropolitan,Very Long,115,165.43,170.0,59.13,18.47
Medium,Cloudy,Scooter,Other,Long,3,168.33,170.0,66.67,13.38
Medium,Cloudy,Scooter,Other,Medium,6,70.0,70.0,0.0,8.13
Medium,Cloudy,Scooter,Other,Short,2,72.5,72.5,0.0,4.54
Medium,Cloudy,Scooter,Other,Very Long,1,155.0,155.0,0.0,20.18
Medium,Cloudy,Scooter,Urban,Long,27,159.41,155.0,44.44,12.09
Medium,Cloudy,Scooter,Urban,Medium,80,70.89,75.0,0.0,7.38
Medium,Cloudy,Scooter,Urban,Short,20,75.25,85.0,0.0,4.62
Medium,Cloudy,Scooter,Urban,Very Long,24,152.88,160.0,41.67,17.91
Medium,Cloudy,Van,Metropolitan,Long,48,167.71,170.0,56.25,12.2
Medium,Cloudy,Van,Metropolitan,Medium,33,73.7,75.0,0.0,7.74
Medium,Cloudy,Van,Metropolitan,Short,13,77.38,80.0,0.0,4.6
Medium,Cloudy,Van,Metropolitan,Very Long,23,178.26,175.0,73.91,19.06
Medium,Cloudy,Van,Other,Medium,3,81.67,75.0,0.0,8.2
Medium,Cloudy,Van,Urban,Long,12,172.08,180.0,58.33,12.11
Medium,Cloudy,Van,Urban,Medium,16,78.12,82.5,0.0,7.28
Medium,Cloudy,Van,Urban,Short,5,80.0,80.0,0.0,4.61
Medium,Cloudy,Van,Urban,Very Long,1,135.0,135.0,0.0,17.07
Medium,Fog,Motorcycle,Metropolitan,Long,269,179.86,185.0,78.81,12.28
Medium,Fog,Motorcycle,Metropolitan,Medium,261,108.99,110.0,4.6,7.47
Medium,Fog,Motorcycle,Metropolitan,Short,71,106.52,110.0,1.41,4.59
Medium,Fog,Motorcycle,Metropolitan,Very Long,179,171.35,185.0,69.27,56.23
Medium,Fog,Motorcycle,Other,Long,4,143.75,157.5,50.0,12.66
Medium,Fog,Motorcycle,Other,Medium,14,85.57,72.5,0.0,7.82
Medium,Fog,Motorcycle,Other,Very Long,2,192.5,192.5,100.0,16.77
Medium,Fog,Motorcycle,Semi-Urban,Long,1,240.0,240.0,100.0,10.87
Medium,Fog,Motorcycle,Semi-Urban,Very Long,2,44.0,44.0,0.0,16.68
Medium,Fog,Motorcycle,Urban,Long,47,173.89,180.0,72.34,12.45
Medium,Fog,Motorcycle,Urban,Medium,102,89.19,85.0,0.98,7.4
Medium,Fog,Motorcycle,Urban,Short,27,85.33,90.0,0.0,4.6
Medium,Fog,Motorcycle,Urban,Very Long,39,162.74,170.0,56.41,146.51
Medium,Fog,Scooter,Metropolitan,Long,169,165.46,175.0,65.09,12.21
Medium,Fog,Scooter,Metropolitan,Medium,136,77.84,80.0,0.0,7.52
Medium,Fog,Scooter,Metropolitan,Short,40,76.15,80.0,0.0,4.6
Medium,Fog,Scooter,Metropolitan,Very Long,120,156.92,165.0,52.5,18.57
Medium,Fog,Scooter,Other,Long,2,152.5,152.5,50.0,10.73
Medium,Fog,Scooter,Other,Medium,6,70.0,75.0,0.0,7.96
Medium,Fog,Scooter,Other,Very Long,2,160.0,160.0,50.0,18.52
Medium,Fog,Scooter,Urban,Long,24,150.04,157.5,41.67,12.5
Medium,Fog,Scooter,Urban,Medium,79,70.78,75.0,0.0,7.52
Medium,Fog,Scooter,Urban,Short,21,76.67,80.0,0.0,4.6
Medium,Fog,Scooter,Urban,Very Long,25,146.52,150.0,44.0,468.95
Medium,Fog,Van,Metropolitan,Long,32,150.78,162.5,50.0,12.27
Medium,Fog,Van,Metropolitan,Medium,36,72.17,80.0,0.0,7.52
Medium,Fog,Van,Metropolitan,Short,14,83.36,90.0,0.0,4.61
Medium,Fog,Van,Metropolitan,Very Long,30,168.63,175.0,60.0,18.37
Medium,Fog,Van,Other,Long,1,150.0,150.0,0.0,10.56
Medium,Fog,Van,Other,Medium,2,70.0,70.0,0.0,7.7
Medium,Fog,Van,Other,Short,1,75.0,75.0,0.0,4.66
Medium,Fog,Van,Urban,Long,7,156.71,160.0,42.86,11.86
Medium,Fog,Van,Urban,Medium,21,78.29,80.0,0.0,7.17
Medium,Fog,Van,Urban,Short,6,85.0,85.0,0.0,4.6
Medium,Fog,Van,Urban,Very Long,6,169.17,160.0,50.0,18.22
Medium,Sandstorms,Motorcycle,Metropolitan,Long,263,156.34,150.0,43.73,12.35
Medium,Sandstorms,Motorcycle,Metropolitan,Medium,275,129.84,135.0,20.36,7.4
Medium,Sandstorms,Motorcycle,Metropolitan,Short,85,127.53,135.0,16.47,4.57
Medium,Sandstorms,Motorcycle,Metropolitan,Very Long,177,149.5,150.0,42.37,18.48
Medium,Sandstorms,Motorcycle,Other,Long,6,165.83,172.5,66.67,12.38
Medium,Sandstorms,Motorcycle,Other,Medium,7,132.86,140.0,14.29,7.78
Medium,Sandstorms,Motorcycle,Other,Short,4,94.25,100.0,0.0,4.64
Medium,Sandstorms,Motorcycle,Other,Very Long,4,143.75,120.0,25.0,19.3
Medium,Sandstorms,Motorcycle,Semi-Urban,Very Long,1,240.0,240.0,100.0,19.76
Medium,Sandstorms,Motorcycle,Urban,Long,58,123.38,120.0,20.69,12.25
Medium,Sandstorms,Motorcycle,Urban,Medium,80,111.9,122.5,8.75,7.46
Medium,Sandstorms,Motorcycle,Urban,Short,26,126.35,132.5,11.54,4.58
Medium,Sandstorms,Motorcycle,Urban,Very Long,38,134.42,125.0,31.58,154.17
Medium,Sandstorms,Scooter,Metropolitan,Long,111,124.44,125.0,16.22,12.26
Medium,Sandstorms,Scooter,Metropolitan,Medium,168,127.4,130.0,7.74,7.55
Medium,Sandstorms,Scooter,Metropolitan,Short,58,124.09,135.0,5.17,4.6
Medium,Sandstorms,Scooter,Metropolitan,Very Long,103,119.82,120.0,14.56,51.07
Medium,Sandstorms,Scooter,Other,Long,6,120.83,120.0,16.67,12.26
Medium,Sandstorms,Scooter,Other,Medium,1,130.0,130.0,0.0,6.23
Medium,Sandstorms,Scooter,Other,Short,1,27.0,27.0,0.0,4.53
Medium,Sandstorms,Scooter,Other,Very Long,2,145.0,145.0,0.0,18.22
Medium,Sandstorms,Scooter,Urban,Long,28,107.18,112.5,10.71,12.26
Medium,Sandstorms,Scooter,Urban,Medium,42,133.45,132.5,4.76,7.41
Medium,Sandstorms,Scooter,Urban,Short,14,133.21,127.5,7.14,4.6
Medium,Sandstorms,Scooter,Urban,Very Long,28,108.39,112.5,3.57,18.87
Medium,Sandstorms,Van,Metropolitan,Long,39,138.85,135.0,20.51,12.21
Medium,Sandstorms,Van,Metropolitan,Medium,39,130.08,130.0,10.26,7.41
Medium,Sandstorms,Van,Metropolitan,Short,10,119.5,122.5,0.0,4.61
Medium,Sandstorms,Van,Metropolitan,Very Long,22,122.64,115.0,9.09,245.88
Medium,Sandstorms,Van,Other,Medium,2,140.0,140.0,0.0,6.82
Medium,Sandstorms,Van,Other,Short,1,150.0,150.0,0.0,4.56
Medium,Sandstorms,Van,Other,Very Long,1,105.0,105.0,0.0,6874.79
Medium,Sandstorms,Van,Urban,Long,13,132.31,130.0,23.08,11.94
Medium,Sandstorms,Van,Urban,Medium,7,130.71,130.0,14.29,8.28
Medium,Sandstorms,Van,Urban,Short,4,126.25,125.0,0.0,4.6
Medium,Sandstorms,Van,Urban,Very Long,7,107.57,135.0,14.29,732.91
Medium,Stormy,Motorcycle,Metropolitan,Long,270,150.5,150.0,41.85,12.22
Medium,Stormy,Motorcycle,Metropolitan,Medium,293,125.11,135.0,16.38,7.51
Medium,Stormy,Motorcycle,Metropolitan,Short,72,128.78,130.0,16.67,4.61
Medium,Stormy,Motorcycle,Metropolitan,Very Long,184,148.27,150.0,39.13,142.03
Medium,Stormy,Motorcycle,Other,Long,6,155.0,157.5,50.0,11.74
Medium,Stormy,Motorcycle,Other,Medium,7,100.0,100.0,14.29,7.04
Medium,Stormy,Motorcycle,Other,Short,1,110.0,110.0,0.0,4.66
Medium,Stormy,Motorcycle,Other,Very Long,4,148.75,142.5,25.0,17.88
Medium,Stormy,Motorcycle,Semi-Urban,Long,2,242.5,242.5,100.0,10.76
Medium,Stormy,Motorcycle,Urban,Long,59,139.1,140.0,33.9,12.17
Medium,Stormy,Motorcycle,Urban,Medium,86,112.16,120.0,11.63,7.28
Medium,Stormy,Motorcycle,Urban,Short,21,123.1,130.0,0.0,4.6
Medium,Stormy,Motorcycle,Urban,Very Long,32,124.78,130.0,34.38,18.68
Medium,Stormy,Scooter,Metropolitan,Long,146,123.45,125.0,19.18,12.28
Medium,Stormy,Scooter,Metropolitan,Medium,165,129.58,135.0,9.7,7.61
Medium,Stormy,Scooter,Metropolitan,Short,49,127.33,135.0,10.2,4.61
Medium,Stormy,Scooter,Metropolitan,Very Long,107,131.33,130.0,24.3,135.11
Medium,Stormy,Scooter,Other,Long,5,128.0,115.0,20.0,12.92
Medium,Stormy,Scooter,Other,Medium,6,132.5,137.5,0.0,8.12
Medium,Stormy,Scooter,Other,Short,2,81.0,81.0,0.0,4.55
Medium,Stormy,Scooter,Other,Very Long,4,133.75,132.5,50.0,17.76
Medium,Stormy,Scooter,Urban,Long,41,114.56,110.0,12.2,12.42
Medium,Stormy,Scooter,Urban,Medium,44,120.2,125.0,6.82,7.68
Medium,Stormy,Scooter,Urban,Short,14,132.14,130.0,7.14,4.59
Medium,Stormy,Scooter,Urban,Very Long,26,123.15,127.5,11.54,18.16
Medium,Stormy,Van,Metropolitan,Long,36,120.36,115.0,8.33,12.1
Medium,Stormy,Van,Metropolitan,Medium,36,136.53,140.0,11.11,7.47
Medium,Stormy,Van,Metropolitan,Short,10,139.5,140.0,10.0,4.62
Medium,Stormy,Van,Metropolitan,Very Long,19,122.84,125.0,15.79,250.21
Medium,Stormy,Van,Other,Medium,3,99.33,125.0,0.0,6.08
Medium,Stormy,Van,Other,Short,1,160.0,160.0,0.0,4.67
Medium,Stormy,Van,Urban,Long,11,125.0,130.0,27.27,12.1
Medium,Stormy,Van,Urban,Medium,8,112.5,127.5,0.0,7.54
Medium,Stormy,Van,Urban,Short,2,115.0,115.0,0.0,4.61
Medium,Stormy,Van,Urban,Very Long,11,99.27,100.0,9.09,17.69
Medium,Sunny,Motorcycle,Metropolitan,Long,253,112.47,110.0,13.04,12.22
Medium,Sunny,Motorcycle,Metropolitan,Medium,248,97.29,105.0,0.0,7.52
Medium,Sunny,Motorcycle,Metropolitan,Short,72,94.69,102.5,0.0,4.62
Medium,Sunny,Motorcycle,Metropolitan,Very Long,170,119.81,120.0,18.82,79.01
Medium,Sunny,Motorcycle,Other,Long,10,88.5,82.5,10.0,12.76
Medium,Sunny,Motorcycle,Other,Medium,14,81.79,77.5,0.0,7.57
Medium,Sunny,Motorcycle,Other,Short,8,85.38,95.0,0.0,4.61
Medium,Sunny,Motorcycle,Other,Very Long,8,103.75,107.5,0.0,18.65
Medium,Sunny,Motorcycle,Urban,Long,91,103.91,95.0,13.19,12.16
Medium,Sunny,Motorcycle,Urban,Medium,86,85.33,85.0,0.0,7.52
Medium,Sunny,Motorcycle,Urban,Short,30,93.7,95.0,0.0,4.58
Medium,Sunny,Motorcycle,Urban,Very Long,54,100.28,90.0,12.96,123.5
Medium,Sunny,Scooter,Metropolitan,Long,111,86.43,85.0,0.0,12.25
Medium,Sunny,Scooter,Metropolitan,Medium,134,80.96,85.0,0.0,7.63
Medium,Sunny,Scooter,Metropolitan,Short,43,84.02,85.0,0.0,4.6
Medium,Sunny,Scooter,Metropolitan,Very Long,86,92.35,90.0,0.0,57.5
Medium,Sunny,Scooter,Other,Long,6,67.0,70.0,0.0,12.73
Medium,Sunny,Scooter,Other,Medium,7,67.29,75.0,0.0,7.25
Medium,Sunny,Scooter,Other,Short,1,65.0,65.0,0.0,4.47
Medium,Sunny,Scooter,Other,Very Long,1,60.0,60.0,0.0,17.08
Medium,Sunny,Scooter,Urban,Long,58,82.28,77.5,0.0,12.07
Medium,Sunny,Scooter,Urban,Medium,58,75.83,80.0,0.0,7.31
Medium,Sunny,Scooter,Urban,Short,20,74.85,85.0,0.0,4.62
Medium,Sunny,Scooter,Urban,Very Long,40,91.55,90.0,0.0,18.73
Medium,Sunny,Van,Metropolitan,Long,29,90.31,85.0,0.0,12.53
Medium,Sunny,Van,Metropolitan,Medium,33,85.85,95.0,0.0,7.28
Medium,Sunny,Van,Metropolitan,Short,8,77.88,77.5,0.0,4.56
Medium,Sunny,Van,Metropolitan,Very Long,16,94.38,87.5,0.0,644.38
Medium,Sunny,Van,Other,Long,1,75.0,75.0,0.0,11.01
Medium,Sunny,Van,Other,Medium,4,85.0,82.5,0.0,7.28
Medium,Sunny,Van,Urban,Long,8,99.38,102.5,0.0,12.38
Medium,Sunny,Van,Urban,Medium,10,81.5,92.5,0.0,7.22
Medium,Sunny,Van,Urban,Short,4,66.25,67.5,0.0,4.6
Medium,Sunny,Van,Urban,Very Long,7,70.0,65.0,0.0,18.52
Medium,Windy,Motorcycle,Metropolitan,Long,270,144.15,150.0,36.67,12.2
Medium,Windy,Motorcycle,Metropolitan,Medium,298,126.89,135.0,17.79,7.59
Medium,Windy,Motorcycle,Metropolitan,Short,90,134.01,140.0,16.67,4.59
Medium,Windy,Motorcycle,Metropolitan,Very Long,182,146.03,150.0,39.56,144.47
Medium,Windy,Motorcycle,Other,Long,10,140.3,135.0,40.0,12.27
Medium,Windy,Motorcycle,Other,Medium,10,111.4,117.5,10.0,7.79
Medium,Windy,Motorcycle,Other,Short,3,118.33,100.0,0.0,4.58
Medium,Windy,Motorcycle,Other,Very Long,3,100.67,105.0,33.33,20.21
Medium,Windy,Motorcycle,Semi-Urban,Long,3,245.0,245.0,100.0,11.19
Medium,Windy,Motorcycle,Urban,Long,59,126.73,120.0,23.73,12.09
Medium,Windy,Motorcycle,Urban,Medium,87,120.11,130.0,12.64,7.13
Medium,Windy,Motorcycle,Urban,Short,24,130.0,132.5,25.0,4.6
Medium,Windy,Motorcycle,Urban,Very Long,38,126.32,127.5,15.79,18.91
Medium,Windy,Scooter,Metropolitan,Long,125,125.94,125.0,24.0,12.27
Medium,Windy,Scooter,Metropolitan,Medium,178,125.67,130.0,8.43,7.6
Medium,Windy,Scooter,Metropolitan,Short,52,130.63,135.0,11.54,4.59
Medium,Windy,Scooter,Metropolitan,Very Long,105,120.9,125.0,18.1,74.67
Medium,Windy,Scooter,Other,Long,5,132.0,120.0,20.0,12.44
Medium,Windy,Scooter,Other,Medium,5,86.8,125.0,0.0,7.61
Medium,Windy,Scooter,Other,Short,4,138.75,135.0,25.0,4.61
Medium,Windy,Scooter,Other,Very Long,5,81.0,90.0,0.0,18.88
Medium,Windy,Scooter,Urban,Long,34,114.18,112.5,11.76,12.1
Medium,Windy,Scooter,Urban,Medium,28,131.39,130.0,14.29,7.7
Medium,Windy,Scooter,Urban,Short,16,138.75,137.5,12.5,4.58
Medium,Windy,Scooter,Urban,Very Long,21,127.14,125.0,14.29,256.64
Medium,Windy,Van,Metropolitan,Long,42,119.83,125.0,9.52,12.13
Medium,Windy,Van,Metropolitan,Medium,45,125.42,130.0,6.67,7.79
Medium,Windy,Van,Metropolitan,Short,11,139.09,140.0,27.27,4.62
Medium,Windy,Van,Metropolitan,Very Long,29,132.76,130.0,17.24,94.55
Medium,Windy,Van,Other,Long,1,75.0,75.0,0.0,11.92
Medium,Windy,Van,Urban,Long,8,112.38,120.0,12.5,12.5
Medium,Windy,Van,Urban,Medium,10,121.2,122.5,20.0,7.7
Medium,Windy,Van,Urban,Short,2,145.0,145.0,0.0,4.54
Medium,Windy,Van,Urban,Very Long,5,89.8,95.0,0.0,18.17
Unknown,Unknown,Bicycle,Metropolitan,Long,3,135.0,105.0,33.33,12.29
Unknown,Unknown,Bicycle,Metropolitan,Medium,4,110.0,107.5,0.0,8.05
Unknown,Unknown,Bicycle,Metropolitan,Short,4,122.5,117.5,25.0,3.12
Unknown,Unknown,Bicycle,Metropolitan,Very Long,4,142.5,142.5,0.0,17918.71
Unknown,Unknown,Motorcycle,Metropolitan,Medium,2,167.5,167.5,50.0,8.5
Unknown,Unknown,Motorcycle,Metropolitan,Very Long,3,131.67,140.0,33.33,11845.38
Unknown,Unknown,Motorcycle,Urban,Medium,1,165.0,165.0,100.0,7.49
Unknown,Unknown,Motorcycle,Urban,Very Long,2,85.0,85.0,0.0,3003.62
Unknown,Unknown,Scooter,Metropolitan,Long,5,130.0,135.0,40.0,12.34
Unknown,Unknown,Scooter,Metropolitan,Medium,3,148.33,145.0,0.0,8.18
Unknown,Unknown,Scooter,Metropolitan,Short,5,107.0,110.0,0.0,3.39
Unknown,Unknown,Scooter,Metropolitan,Very Long,11,134.55,125.0,27.27,8821.31
Unknown,Unknown,Scooter,Other,Very Long,1,85.0,85.0,0.0,18098.79
Unknown,Unknown,Scooter,Urban,Long,2,110.0,110.0,0.0,10.94
Unknown,Unknown,Scooter,Urban,Medium,1,75.0,75.0,0.0,7.77
Unknown,Unknown,Scooter,Urban,Short,1,22.0,22.0,0.0,3.04
Unknown,Unknown,Scooter,Urban,Very Long,3,145.0,150.0,0.0,16499.25
Unknown,Unknown,Van,Metropolitan,Long,4,117.75,130.0,25.0,11.82
Unknown,Unknown,Van,Metropolitan,Medium,1,80.0,80.0,0.0,9.35
Unknown,Unknown,Van,Metropolitan,Short,3,108.33,100.0,0.0,4.09
Unknown,Unknown,Van,Metropolitan,Very Long,12,127.75,130.0,25.0,10569.95
Unknown,Unknown,Van,Other,Very Long,1,85.0,85.0,0.0,17179.08
Unknown,Unknown,Van,Urban,Long,3,91.67,100.0,0.0,12.96
Unknown,Unknown,Van,Urban,Medium,2,100.0,100.0,0.0,9.32
Unknown,Unknown,Van,Urban,Short,3,101.67,95.0,0.0,2.07
Unknown,Unknown,Van,Urban,Very Long,7,112.86,125.0,0.0,10680.74
